insert into public.user (created_at, updated_at, id, user_name, password, name, avatar, email)
values  ('2024-06-16 19:21:01.982474', '2024-06-16 19:21:01.982474', 1, 'user_name_1', 'user_name_1', 'User 1 Name', 'https://i.pinimg.com/564x/44/02/c2/4402c277721e89347632189e55eb1c9b.jpg', 'user_name_1@gmail.com'),
        ('2024-06-16 19:21:01.982474', '2024-06-16 19:21:01.982474', 2, 'user_name_2', 'user_name_2', 'User 2 Name', 'https://i.pinimg.com/564x/4a/93/ae/4a93ae0e9fbf96e68a84b4fad16ef748.jpg', 'user_name_2@gmail.com'),
        ('2024-06-16 19:21:01.982474', '2024-06-16 19:21:01.982474', 3, 'user_name_3', 'user_name_3', 'User 3 Name', 'https://i.pinimg.com/564x/44/02/c2/4402c277721e89347632189e55eb1c9b.jpg', 'user_name_3@gmail.com');

insert into public.quiz (created_at, updated_at, id, name, status, created_by, updated_by)
values  ('2024-06-16 19:21:01.982474', '2024-06-16 19:21:01.982474', 1, 'quiz 1', 'ENDED', 'Admin', null),
        ('2024-06-16 19:21:01.982474', '2024-06-16 19:21:01.982474', 2, 'quiz 2', 'ENDED', 'Admin', null),
        ('2024-06-16 19:21:01.982474', '2024-06-16 19:21:01.982474', 3, 'quiz 3', 'ONGOING', 'Admin', null),
        ('2024-06-16 19:21:01.982474', '2024-06-16 19:21:01.982474', 4, 'quiz 4', 'ONGOING', 'Admin', null),
        ('2024-06-16 19:21:01.982474', '2024-06-16 19:21:01.982474', 5, 'quiz 5', 'UPCOMING', 'Admin', null);
        
insert into public.user_score (created_at, updated_at, id, quiz_id, user_id, score)
values  ('2024-06-16 19:21:01.982474', '2024-06-16 19:21:01.982474', 1, 1, 1, 10),
        ('2024-06-16 19:21:01.982474', '2024-06-16 19:21:01.982474', 2, 1, 2, 20),
        ('2024-06-16 19:21:01.982474', '2024-06-16 19:21:01.982474', 3, 1, 3, 30),
        ('2024-06-16 19:21:01.982474', '2024-06-16 19:21:01.982474', 4, 3, 2, 30),
        ('2024-06-16 19:21:01.982474', '2024-06-16 19:21:01.982474', 5, 3, 3, 40),
        ('2024-06-16 19:21:01.982474', '2024-06-16 19:21:01.982474', 6, 3, 1, 50);
        
insert into public.user_score_event (created_at, updated_at, id, quiz_id, user_id, status, event_type, score)
values  ('2024-06-16 19:21:01.982474', '2024-06-16 19:21:01.982474', 100000, 1, 1, 'PROCESSED', 'ADD_SCORE', 10),
        ('2024-06-16 19:21:01.982474', '2024-06-16 19:21:01.982474', 100001, 1, 2, 'PROCESSED', 'ADD_SCORE', 10),
        ('2024-06-16 19:21:01.982474', '2024-06-16 19:21:01.982474', 100002, 1, 2, 'PROCESSED', 'ADD_SCORE', 10),
        ('2024-06-16 19:21:01.982474', '2024-06-16 19:21:01.982474', 100003, 1, 3, 'PROCESSED', 'ADD_SCORE', 10),
        ('2024-06-16 19:21:01.982474', '2024-06-16 19:21:01.982474', 100004, 1, 3, 'PROCESSED', 'ADD_SCORE', 10),
        ('2024-06-16 19:21:01.982474', '2024-06-16 19:21:01.982474', 100005, 1, 3, 'PROCESSED', 'ADD_SCORE', 10),
        ('2024-06-16 19:21:01.982474', '2024-06-16 19:21:01.982474', 100006, 3, 2, 'PROCESSED', 'ADD_SCORE', 10),
        ('2024-06-16 19:21:01.982474', '2024-06-16 19:21:01.982474', 100007, 3, 2, 'PROCESSED', 'ADD_SCORE', 10),
        ('2024-06-16 19:21:01.982474', '2024-06-16 19:21:01.982474', 100008, 3, 2, 'PROCESSED', 'ADD_SCORE', 10),
        ('2024-06-16 19:21:01.982474', '2024-06-16 19:21:01.982474', 100009, 3, 3, 'PROCESSED', 'ADD_SCORE', 10),
        ('2024-06-16 19:21:01.982474', '2024-06-16 19:21:01.982474', 100010, 3, 3, 'PROCESSED', 'ADD_SCORE', 10),
        ('2024-06-16 19:21:01.982474', '2024-06-16 19:21:01.982474', 100011, 3, 3, 'PROCESSED', 'ADD_SCORE', 10),
        ('2024-06-16 19:21:01.982474', '2024-06-16 19:21:01.982474', 100012, 3, 3, 'PROCESSED', 'ADD_SCORE', 10),
        ('2024-06-16 19:21:01.982474', '2024-06-16 19:21:01.982474', 100013, 3, 1, 'PROCESSED', 'ADD_SCORE', 10),
        ('2024-06-16 19:21:01.982474', '2024-06-16 19:21:01.982474', 100014, 3, 1, 'PROCESSED', 'ADD_SCORE', 10),
        ('2024-06-16 19:21:01.982474', '2024-06-16 19:21:01.982474', 100015, 3, 1, 'PROCESSED', 'ADD_SCORE', 10),
        ('2024-06-16 19:21:01.982474', '2024-06-16 19:21:01.982474', 100016, 3, 1, 'PROCESSED', 'ADD_SCORE', 10),
        ('2024-06-16 19:21:01.982474', '2024-06-16 19:21:01.982474', 100017, 3, 1, 'PROCESSED', 'ADD_SCORE', 10);